,Gender,Age_Group,Race_or_Ethnicity,Education,Observed_Rate,Ideal_Rate,LogDisparity,user_n,pValue,BH_p
1,Female,NA,NA,NA,0.385523364,0.445186715,-0.246031253,3952,5.41E-34,5.41E-34
2,Male,NA,NA,NA,0.614476636,0.554813285,0.246031253,6299,5.41E-34,5.41E-34
3,NA,18-44,NA,NA,0.002536338,0.146745611,-4.214137259,26,0,0
4,NA,45-64,NA,NA,0.655643352,0.44687477,0.857245115,6721,0,0
5,NA,64+,NA,NA,0.34182031,0.406379619,-0.276240509,3504,2.07E-40,2.07E-40
6,NA,NA,Hispanic,NA,0.071895425,0.184799719,-1.073770594,737,1.20E-190,4.79E-190
7,NA,NA,NH Black,NA,0.190517998,0.145801771,0.321267448,1953,1.13E-37,2.26E-37
8,NA,NA,NH White,NA,0.623646474,0.569263339,0.226208498,6393,1.01E-28,1.34E-28
9,NA,NA,Other,NA,0.113940103,0.100135171,0.144611926,1168,3.22E-06,3.22E-06
10,NA,NA,NA,<HSG,0.148477157,0.215576058,-0.454959372,1521,2.87E-61,1.15E-60
11,NA,NA,NA,>=College grad,0.25985943,0.233837669,0.140067618,2662,4.90E-10,6.53E-10
12,NA,NA,NA,HSG/GED,0.263959391,0.209120114,0.304747285,2704,2.07E-42,4.14E-42
13,NA,NA,NA,Some college/TS,0.327704022,0.341466158,-0.061820524,3357,0.003310153,0.003310153
14,Female,NA,Hispanic,NA,0.034923422,0.089472614,-0.998958339,358,2.04E-83,1.02E-82
15,Female,NA,NH Black,NA,0.095112672,0.078749709,0.206708955,975,7.71E-10,1.10E-09
16,Female,NA,NH White,NA,0.210613599,0.234784331,-0.139740406,2159,7.76E-09,9.70E-09
17,Female,NA,Other,NA,0.044873671,0.042180065,0.064719692,460,0.174839081,0.174839081
18,Male,NA,Hispanic,NA,0.036972003,0.095327098,-1.009662207,379,5.02E-90,5.02E-89
19,Male,NA,NH Black,NA,0.095405326,0.067052095,0.383526942,978,1.71E-30,2.85E-30
20,Male,NA,NH White,NA,0.413032875,0.334478986,0.336554534,4234,9.29E-64,3.10E-63
21,Male,NA,Other,NA,0.069066433,0.057955102,0.187265239,708,1.47E-06,1.64E-06
22,Male,18-44,NA,NA,0.002536338,0.064402252,-3.298457421,26,1.26E-143,3.35E-143
23,Male,45-64,NA,NA,0.390986245,0.256515946,0.620988018,4008,2.27E-213,9.10E-213
24,Male,64+,NA,NA,0.220954053,0.233895088,-0.073668799,2265,0.00196639,0.00196639
25,Female,18-44,NA,NA,0,0.082343364,#NAME?,0,#NAME?,#NAME?
26,Female,45-64,NA,NA,0.264657107,0.190358803,0.425778594,2713,7.76E-82,1.55E-81
27,Female,64+,NA,NA,0.120866257,0.172484547,-0.416132291,1239,1.61E-43,2.57E-43
28,Female,NA,NA,<HSG,0.068430301,0.110601525,-0.526443808,701,3.55E-42,3.55E-41
29,Female,NA,NA,>=College grad,0.077411168,0.079863188,-0.033845268,793,0.359928073,0.359928073
30,Female,NA,NA,HSG/GED,0.113334635,0.086613015,0.298586731,1161,6.87E-22,1.37E-21
31,Female,NA,NA,Some college/TS,0.126317845,0.16808231,-0.33463563,1294,1.25E-29,3.13E-29
32,Male,NA,NA,<HSG,0.080046857,0.104974525,-0.298576085,820,1.86E-16,2.65E-16
33,Male,NA,NA,>=College grad,0.182448262,0.153974472,0.203915163,1869,1.41E-15,1.76E-15
34,Male,NA,NA,HSG/GED,0.150624756,0.122507091,0.239190568,1543,3.96E-18,6.61E-18
35,Male,NA,NA,Some college/TS,0.201386177,0.173383874,0.184179192,2063,7.08E-14,7.87E-14
36,NA,18-44,Hispanic,NA,0.000975515,0.04281634,-3.824493981,10,3.12E-97,8.32E-97
37,NA,45-64,Hispanic,NA,0.049068384,0.09289234,-0.685407286,503,9.58E-53,1.92E-52
38,NA,64+,Hispanic,NA,0.021851527,0.049091053,-0.837649167,224,2.58E-37,4.13E-37
39,NA,18-44,NH White,NA,0,0.063188257,#NAME?,0,#NAME?,#NAME?
40,NA,45-64,NH White,NA,0.398497708,0.234345039,0.77220847,4085,0,0
41,NA,64+,NH White,NA,0.225148766,0.271730048,-0.250047,2308,2.92E-26,3.90E-26
42,NA,18-44,NH Black,NA,0.000390206,0.029975356,-4.371500009,4,2.94E-127,1.18E-126
43,NA,45-64,NH Black,NA,0.128280168,0.072531315,0.632189236,1315,5.27E-105,1.69E-104
44,NA,64+,NH Black,NA,0.061847625,0.043295111,0.376216562,634,2.72E-20,3.11E-20
45,NA,18-44,Other,NA,0.001170618,0.01076563,-2.228479936,12,4.79E-21,5.90E-21
46,NA,45-64,Other,NA,0.079797093,0.047106072,0.561994555,818,5.12E-55,1.17E-54
47,NA,64+,Other,NA,0.032972393,0.042263438,-0.25790603,338,2.93E-06,3.13E-06
48,NA,NA,Hispanic,<HSG,0.028992581,0.088968318,-1.184996798,297,7.11E-101,7.11E-100
49,NA,NA,Hispanic,>=College grad,0.007809449,0.010023261,-0.251807713,80,0.024489805,0.024489805
50,NA,NA,Hispanic,HSG/GED,0.017961734,0.039162542,-0.801302155,184,1.92E-28,4.27E-28
51,NA,NA,Hispanic,Some college/TS,0.017180789,0.046824877,-1.03324934,176,8.91E-46,4.45E-45
52,NA,NA,NH Black,<HSG,0.039730574,0.032830654,0.197918064,407,8.89E-05,0.000136731
53,NA,NA,NH Black,>=College grad,0.031921125,0.02691975,0.175560791,327,0.001762262,0.002073249
54,NA,NA,NH Black,HSG/GED,0.058180398,0.031444921,0.643302638,596,3.19E-54,2.12E-53
55,NA,NA,NH Black,Some college/TS,0.060425615,0.054236287,0.114628689,619,0.005675984,0.00597472
56,NA,NA,NH White,<HSG,0.062377977,0.071533417,-0.146764938,639,0.000323593,0.000431458
57,NA,NA,NH White,>=College grad,0.177860211,0.167256763,0.074282689,1822,0.004032096,0.004480106
58,NA,NA,NH White,HSG/GED,0.159996095,0.123946035,0.29732429,1639,1.70E-28,4.25E-28
59,NA,NA,NH White,Some college/TS,0.22354549,0.207079501,0.097497051,2290,3.91E-05,6.51E-05
60,NA,NA,Other,<HSG,0.017376025,0.022243669,-0.25193207,178,0.000835731,0.001044664
61,NA,NA,Other,>=College grad,0.042268645,0.029637896,0.368093744,433,4.76E-14,9.52E-14
62,NA,NA,Other,HSG/GED,0.027821164,0.014566578,0.660609093,285,4.21E-29,1.40E-28
63,NA,NA,Other,Some college/TS,0.026552128,0.033325532,-0.2341964,272,0.000133691,0.000190987
64,NA,18-44,NA,<HSG,0.000195236,0.030964876,-5.097657684,2,1.48E-135,4.44E-135
65,NA,18-44,NA,>=College grad,0.000780945,0.020472243,-3.286224042,8,5.49E-45,9.14E-45
66,NA,18-44,NA,HSG/GED,0.001073799,0.033108857,-3.4611927,11,2.15E-73,4.60E-73
67,NA,18-44,NA,Some college/TS,0.000488091,0.061883366,-4.905898456,5,1.14E-146,4.29E-146
68,NA,45-64,NA,<HSG,0.085122999,0.088399161,-0.04135264,872,0.242773202,0.260114145
69,NA,45-64,NA,>=College grad,0.179519719,0.123971193,0.435744925,1839,2.93E-65,5.49E-65
70,NA,45-64,NA,HSG/GED,0.16546271,0.079648288,0.829003769,1695,8.47E-226,4.24E-225
71,NA,45-64,NA,Some college/TS,0.225790707,0.155289746,0.461467225,2313,2.08E-86,5.21E-86
72,NA,64+,NA,<HSG,0.063158922,0.096212021,-0.456819046,647,7.87E-30,1.07E-29
73,NA,64+,NA,>=College grad,0.079558766,0.089394233,-0.127303325,815,0.000484702,0.000559272
74,NA,64+,NA,HSG/GED,0.097422882,0.096362931,0.012113189,998,0.716191298,0.716191298
75,NA,64+,NA,Some college/TS,0.101425225,0.124293085,-0.229099008,1039,2.29E-12,2.86E-12
76,Male,18-44,Hispanic,NA,0.000975515,0.02090157,-3.084761535,10,3.66E-45,1.04E-44
77,Male,45-64,Hispanic,NA,0.024680519,0.049831433,-0.728757432,253,1.24E-31,2.47E-31
78,Male,64+,Hispanic,NA,0.011315969,0.024594098,-0.789812685,116,3.96E-18,5.39E-18
79,Male,18-44,NH White,NA,0,0.031034239,#NAME?,0,#NAME?,#NAME?
80,Male,45-64,NH White,NA,0.25821871,0.137152064,0.783900703,2647,4.49E-278,2.54E-277
81,Male,64+,NH White,NA,0.154814164,0.166292696,-0.085198148,1587,0.00180096,0.001975247
82,Male,18-44,NH Black,NA,0.000390206,0.008917863,-3.137704878,4,8.71E-34,1.85E-33
83,Male,45-64,NH Black,NA,0.060384353,0.038251136,0.479839217,619,1.55E-31,2.92E-31
84,Male,64+,NH Black,NA,0.034630768,0.01988306,0.570035632,355,1.06E-26,1.72E-26
85,Male,18-44,Other,NA,0.001170618,0.003548578,-1.11139917,12,5.15E-05,5.83E-05
86,Male,45-64,Other,NA,0.047702663,0.031281303,0.439063617,489,1.28E-21,1.98E-21
87,Male,64+,Other,NA,0.020193152,0.023125224,-0.138577405,207,0.048253606,0.049715837
88,Female,18-44,Hispanic,NA,0,0.021914806,#NAME?,0,#NAME?,#NAME?
89,Female,45-64,Hispanic,NA,0.024387865,0.043060861,-0.587854134,250,1.24E-20,1.83E-20
90,Female,64+,Hispanic,NA,0.010535558,0.024496951,-0.858003234,108,6.01E-20,8.52E-20
91,Female,18-44,NH White,NA,0,0.032154014,#NAME?,0,#NAME?,#NAME?
92,Female,45-64,NH White,NA,0.140278997,0.097192957,0.415835953,1438,4.35E-49,1.34E-48
93,Female,64+,NH White,NA,0.070334602,0.105437331,-0.443342656,721,5.69E-31,1.02E-30
94,Female,18-44,NH Black,NA,0,0.021057491,#NAME?,0,#NAME?,#NAME?
95,Female,45-64,NH Black,NA,0.067895815,0.034280174,0.718836398,696,4.44E-78,1.68E-77
96,Female,64+,NH Black,NA,0.027216857,0.023412047,0.15448942,279,0.010844957,0.011522767
97,Female,18-44,Other,NA,0,0.007217089,#NAME?,0,#NAME?,#NAME?
98,Female,45-64,Other,NA,0.03209443,0.015824804,0.723773275,329,8.84E-40,2.31E-39
99,Female,64+,Other,NA,0.012779241,0.019138212,-0.410327002,131,2.61E-06,3.06E-06
100,Male,18-44,NA,<HSG,0.000195236,0.010191007,-3.965098676,2,2.73E-42,5.46E-42
101,Male,18-44,NA,HSG/GED,0.001073799,0.023065409,-3.089392141,11,9.68E-50,2.21E-49
102,Male,18-44,NA,Some college/TS,0.000488091,0.025568075,-3.98401115,5,3.42E-58,8.41E-58
103,Male,18-44,NA,>=College grad,0.000780945,0.005640215,-1.982047799,8,5.12E-11,7.45E-11
104,Male,45-64,NA,<HSG,0.041390082,0.051648518,-0.232179247,424,2.71E-06,3.62E-06
105,Male,45-64,NA,HSG/GED,0.093225303,0.045722241,0.763495096,955,3.13E-117,1.25E-116
106,Male,45-64,NA,Some college/TS,0.13276064,0.083099064,0.524198786,1360,4.35E-74,1.26E-73
107,Male,45-64,NA,>=College grad,0.123682155,0.07629503,0.535771076,1267,5.82E-73,1.55E-72
108,Male,64+,NA,<HSG,0.038461538,0.043135008,-0.119548445,394,0.019897595,0.021955967
109,Male,64+,NA,HSG/GED,0.056325654,0.053719451,0.050132891,577,0.24202119,0.249828325
110,Male,64+,NA,Some college/TS,0.068137446,0.06471671,0.055171639,698,0.159350049,0.169973385
111,Male,64+,NA,>=College grad,0.057985162,0.072039239,-0.232055376,594,3.76E-08,5.24E-08
112,Female,18-44,NA,<HSG,0,0.02077387,#NAME?,0,#NAME?,#NAME?
113,Female,18-44,NA,HSG/GED,0,0.010043449,#NAME?,0,#NAME?,#NAME?
114,Female,18-44,NA,Some college/TS,0,0.036315294,#NAME?,0,#NAME?,#NAME?
115,Female,18-44,NA,>=College grad,0,0.014832028,#NAME?,0,#NAME?,#NAME?
116,Female,45-64,NA,<HSG,0.043732917,0.036750647,0.181220296,448,0.000172627,0.000212464
117,Female,45-64,NA,HSG/GED,0.072237407,0.033926051,0.796239344,740,8.97E-102,3.19E-101
118,Female,45-64,NA,Some college/TS,0.093030066,0.072190649,0.276329183,953,3.64E-16,5.55E-16
119,Female,45-64,NA,>=College grad,0.055837563,0.047676168,0.16662208,572,0.000105906,0.00013556
120,Female,64+,NA,<HSG,0.024697384,0.053077016,-0.79457671,253,1.40E-37,2.63E-37
121,Female,64+,NA,HSG/GED,0.041097228,0.042643521,-0.038548562,421,0.438590904,0.438590904
122,Female,64+,NA,Some college/TS,0.033287778,0.059576342,-0.609638615,341,2.57E-29,4.11E-29
123,Female,64+,NA,>=College grad,0.021573604,0.017354998,0.221892375,221,0.001077038,0.001276489
124,Female,NA,Hispanic,<HSG,0.017571261,0.045538735,-0.981179358,180,5.45E-42,3.81E-41
125,Female,NA,Hispanic,>=College grad,0.00312378,0.005698853,-0.603807669,32,0.000535469,0.000702803
126,Female,NA,Hispanic,HSG/GED,0.007907068,0.017472234,-0.802544197,81,1.48E-13,3.27E-13
127,Female,NA,Hispanic,Some college/TS,0.006345178,0.020849575,-1.204343056,65,9.18E-25,2.97E-24
128,Female,NA,NH Black,<HSG,0.022256931,0.020819485,0.068233205,228,0.308218977,0.34987019
129,Female,NA,NH Black,>=College grad,0.014349863,0.017290888,-0.18942756,147,0.022397426,0.028505815
130,Female,NA,NH Black,HSG/GED,0.029480672,0.010571652,1.044854825,302,3.89E-78,5.44E-77
131,Female,NA,NH Black,Some college/TS,0.028992581,0.0301441,-0.040135852,297,0.49547052,0.520244046
132,Female,NA,NH White,<HSG,0.019133151,0.035498562,-0.63489508,196,3.50E-19,9.19E-19
133,Female,NA,NH White,>=College grad,0.047247169,0.043988608,0.074876375,484,0.107775977,0.129331173
134,Female,NA,NH White,HSG/GED,0.063354159,0.054326209,0.163326212,649,5.55E-05,7.76E-05
135,Female,NA,NH White,Some college/TS,0.080827802,0.101198782,-0.247177322,828,8.12E-12,1.71E-11
136,Female,NA,Other,<HSG,0.009468957,0.008744747,0.080296487,97,0.431113831,0.464276434
137,Female,NA,Other,>=College grad,0.012690355,0.012884842,-0.015406328,130,0.861438941,0.861438941
138,Female,NA,Other,HSG/GED,0.012592737,0.004242885,1.096297604,129,1.19E-38,7.16E-38
139,Female,NA,Other,Some college/TS,0.010152284,0.015889859,-0.453795691,104,3.42E-06,4.95E-06
140,Male,NA,Hispanic,<HSG,0.01142132,0.043429583,-1.368572909,117,6.92E-57,5.82E-56
141,Male,NA,Hispanic,>=College grad,0.00468567,0.004324408,0.080596574,48,0.577369966,0.59145216
142,Male,NA,Hispanic,HSG/GED,0.010054666,0.021690308,-0.780652136,103,6.24E-16,1.46E-15
143,Male,NA,Hispanic,Some college/TS,0.010835611,0.025975302,-0.889732019,111,5.77E-22,1.62E-21
144,Male,NA,NH Black,<HSG,0.017473643,0.012011169,0.380400899,179,3.87E-07,6.77E-07
145,Male,NA,NH Black,>=College grad,0.017571261,0.009628861,0.609551666,180,1.84E-16,4.55E-16
146,Male,NA,NH Black,HSG/GED,0.028699727,0.020873269,0.326443684,294,3.01E-08,5.49E-08
147,Male,NA,NH Black,Some college/TS,0.031433034,0.024092187,0.273522282,322,1.26E-06,1.96E-06
148,Male,NA,NH White,<HSG,0.043244826,0.036034855,0.189898536,443,9.03E-05,0.00012228
149,Male,NA,NH White,>=College grad,0.130613042,0.123268156,0.066289827,1338,0.023739772,0.029325601
150,Male,NA,NH White,HSG/GED,0.096641937,0.069619827,0.357437672,990,6.17E-27,2.16E-26
151,Male,NA,NH White,Some college/TS,0.142717688,0.105880719,0.340627212,1462,8.53E-34,3.58E-33
152,Male,NA,Other,<HSG,0.007907068,0.013498922,-0.54050519,81,9.37E-07,1.51E-06
153,Male,NA,Other,>=College grad,0.02957829,0.016753053,0.581589673,303,4.79E-24,1.44E-23
154,Male,NA,Other,HSG/GED,0.015228426,0.010323693,0.393690516,156,9.05E-07,1.51E-06
155,Male,NA,Other,Some college/TS,0.016399844,0.017435672,-0.062300077,168,0.423142072,0.464276434
156,NA,18-44,Hispanic,<HSG,0.000195236,0.016808144,-4.472164285,2,1.30E-71,4.31E-71
157,NA,18-44,Hispanic,HSG/GED,0.000390472,0.0119899,-3.436134268,4,3.89E-47,1.02E-46
158,NA,18-44,Hispanic,Some college/TS,0.000292854,0.014059832,-3.885268525,3,1.02E-57,3.22E-57
159,NA,18-44,Hispanic,>=College grad,9.76E-05,0,-8888888,1,-8888888,-69999993
160,NA,18-44,NH White,<HSG,0,0.011701219,#NAME?,0,#NAME?,#NAME?
161,NA,18-44,NH White,HSG/GED,0,0.013445868,#NAME?,0,#NAME?,#NAME?
162,NA,18-44,NH White,Some college/TS,0,0.026905568,#NAME?,0,#NAME?,#NAME?
163,NA,18-44,NH White,>=College grad,0,0.011196902,#NAME?,0,#NAME?,#NAME?
164,NA,18-44,NH Black,<HSG,0,0.001223844,#NAME?,0,#NAME?,#NAME?
165,NA,18-44,NH Black,HSG/GED,0.000195236,0.005257604,-3.298296644,2,9.07E-21,1.59E-20
166,NA,18-44,NH Black,Some college/TS,9.76E-05,0.01686605,-5.168907181,1,8.40E-74,2.94E-73
167,NA,18-44,NH Black,>=College grad,9.76E-05,0.006656976,-4.228939126,1,2.22E-28,4.52E-28
168,NA,18-44,Other,<HSG,0,0.001231665,#NAME?,0,#NAME?,#NAME?
169,NA,18-44,Other,HSG/GED,0.000488091,0.00241544,-1.601066047,5,7.07E-05,8.73E-05
170,NA,18-44,Other,Some college/TS,9.76E-05,0.004051945,-3.729851766,1,7.32E-17,1.15E-16
171,NA,18-44,Other,>=College grad,0.000585709,0.002618361,-1.499517278,6,5.68E-05,7.15E-05
172,NA,45-64,Hispanic,<HSG,0.018059352,0.043810299,-0.912779802,185,3.82E-37,8.30E-37
173,NA,45-64,Hispanic,HSG/GED,0.012690355,0.016823439,-0.286125833,130,0.001143386,0.001311456
174,NA,45-64,Hispanic,Some college/TS,0.012885592,0.027001923,-0.754202179,132,1.20E-18,1.99E-18
175,NA,45-64,Hispanic,>=College grad,0.005466615,0.005346755,0.022290149,56,0.867880659,0.867880659
176,NA,45-64,NH White,<HSG,0.032409215,0.020229058,0.483832258,332,2.01E-18,3.25E-18
177,NA,45-64,NH White,HSG/GED,0.096544319,0.038879017,0.971420709,989,2.95E-200,1.55E-199
178,NA,45-64,NH White,Some college/TS,0.149453339,0.08798013,0.599655741,1531,6.26E-107,2.82E-106
179,NA,45-64,NH White,>=College grad,0.120265521,0.087484212,0.354828885,1232,7.68E-32,1.61E-31
180,NA,45-64,NH Black,<HSG,0.022940258,0.015634077,0.390890274,235,2.51E-09,3.59E-09
181,NA,45-64,NH Black,HSG/GED,0.037778212,0.018664676,0.724769028,387,2.38E-46,6.00E-46
182,NA,45-64,NH Black,Some college/TS,0.04461148,0.024151476,0.634835009,457,1.82E-41,4.40E-41
183,NA,45-64,NH Black,>=College grad,0.022940258,0.014151487,0.492028522,235,5.03E-14,7.73E-14
184,NA,45-64,Other,<HSG,0.011714174,0.008725713,0.297544654,120,0.001144922,0.001311456
185,NA,45-64,Other,HSG/GED,0.018449824,0.005281183,1.264231769,189,1.61E-75,5.95E-75
186,NA,45-64,Other,Some college/TS,0.018840297,0.016156193,0.156426482,193,0.03117962,0.0327386
187,NA,45-64,Other,>=College grad,0.030847325,0.01698872,0.610698911,316,1.91E-27,3.75E-27
188,NA,64+,Hispanic,<HSG,0.010737993,0.028349862,-0.988797376,110,6.59E-27,1.26E-26
189,NA,64+,Hispanic,HSG/GED,0.004880906,0.010349196,-0.757088276,50,4.53E-08,6.34E-08
190,NA,64+,Hispanic,Some college/TS,0.004002343,0.005763115,-0.366367616,41,0.01855694,0.020156676
191,NA,64+,Hispanic,>=College grad,0.002245217,0.004676504,-0.736188459,23,0.000309935,0.000375498
192,NA,64+,NH White,<HSG,0.029968762,0.039603167,-0.288735228,307,5.73E-07,7.85E-07
193,NA,64+,NH White,HSG/GED,0.063451777,0.071621131,-0.129871067,650,0.001343324,0.00151124
194,NA,64+,NH White,Some college/TS,0.074092152,0.092193772,-0.238326734,759,2.41E-10,3.61E-10
195,NA,64+,NH White,>=College grad,0.05759469,0.068575623,-0.186227197,590,1.09E-05,1.41E-05
196,NA,64+,NH Black,<HSG,0.016790316,0.015972728,0.05075073,172,0.509222363,0.517435627
197,NA,64+,NH Black,HSG/GED,0.02020695,0.007522636,1.000972877,207,6.19E-50,1.69E-49
198,NA,64+,NH Black,Some college/TS,0.015716517,0.013218791,0.175607215,161,0.026865386,0.028686768
199,NA,64+,NH Black,>=College grad,0.008883249,0.00611132,0.376817343,91,0.000318442,0.000378525
200,NA,64+,Other,<HSG,0.005661851,0.012286287,-0.78141739,58,1.16E-09,1.69E-09
201,NA,64+,Other,HSG/GED,0.008883249,0.006869991,0.259033776,91,0.013628524,0.015063106
202,NA,64+,Other,Some college/TS,0.007614213,0.013117388,-0.549482876,78,9.81E-07,1.31E-06
203,NA,64+,Other,>=College grad,0.010835611,0.01003081,0.077989932,111,0.41368945,0.427253038
204,Male,18-44,Hispanic,<HSG,0.000195236,0.005051448,-3.258088914,2,8.20E-20,1.57E-19
205,Male,18-44,Hispanic,HSG/GED,0.000390472,0.010177137,-3.270380291,4,3.74E-39,9.97E-39
206,Male,18-44,Hispanic,Some college/TS,0.000292854,0.005693228,-2.972773923,3,3.28E-21,6.55E-21
207,Male,18-44,Hispanic,>=College grad,9.76E-05,0,-8888888,1,-8888888,-36702505.29
208,Male,18-44,NH White,<HSG,0,0.003907894,#NAME?,0,#NAME?,#NAME?
209,Male,18-44,NH White,HSG/GED,0,0.010420974,#NAME?,0,#NAME?,#NAME?
210,Male,18-44,NH White,Some college/TS,0,0.011711084,#NAME?,0,#NAME?,#NAME?
211,Male,18-44,NH White,>=College grad,0,0.005024402,#NAME?,0,#NAME?,#NAME?
212,Male,18-44,NH Black,<HSG,0,0,-9999999,0,-9999999,-45714281.14
213,Male,18-44,NH Black,HSG/GED,0.000195236,0.001585149,-2.095614379,2,2.87E-05,4.04E-05
214,Male,18-44,NH Black,Some college/TS,9.76E-05,0.006725594,-4.239263068,1,1.71E-28,3.78E-28
215,Male,18-44,NH Black,>=College grad,9.76E-05,0.000615813,-1.842398902,1,0.026137171,0.030414163
216,Male,18-44,Other,<HSG,0,0.001231665,#NAME?,0,#NAME?,#NAME?
217,Male,18-44,Other,HSG/GED,0.000488091,0.000882149,-0.592254614,5,0.179131515,0.194312152
218,Male,18-44,Other,Some college/TS,9.76E-05,0.001438207,-2.691431212,1,1.12E-05,1.59E-05
219,Male,18-44,Other,>=College grad,0.000585709,0,-8888888,6,-8888888,-37925922.13
220,Male,45-64,Hispanic,<HSG,0.006833268,0.024049308,-1.275789624,70,5.65E-30,1.27E-29
221,Male,45-64,Hispanic,HSG/GED,0.007028504,0.007138987,-0.015708188,72,0.894335323,0.894335323
222,Male,45-64,Hispanic,Some college/TS,0.007614213,0.016395641,-0.775887008,78,2.58E-12,4.29E-12
223,Male,45-64,Hispanic,>=College grad,0.003221398,0.002295815,0.33965563,33,0.050299839,0.05748553
224,Male,45-64,NH White,<HSG,0.021183132,0.01227504,0.554696983,217,2.65E-16,4.65E-16
225,Male,45-64,NH White,HSG/GED,0.057789926,0.022267171,0.990709215,592,3.85E-131,1.41E-130
226,Male,45-64,NH White,Some college/TS,0.091761031,0.044127845,0.783213359,940,7.51E-122,2.67E-121
227,Male,45-64,NH White,>=College grad,0.087563452,0.058615097,0.43260495,897,1.05E-35,2.74E-35
228,Male,45-64,NH Black,<HSG,0.008004686,0.007725943,0.035724091,82,0.747289672,0.759151413
229,Male,45-64,NH Black,HSG/GED,0.018059352,0.013744492,0.277410056,185,0.000176159,0.000234879
230,Male,45-64,NH Black,Some college/TS,0.022159313,0.011058593,0.706338399,227,6.35E-27,1.38E-26
231,Male,45-64,NH Black,>=College grad,0.012104647,0.005759263,0.749182426,124,2.12E-17,3.87E-17
232,Male,45-64,Other,<HSG,0.005368996,0.007598227,-0.34951768,55,0.009368569,0.011207261
233,Male,45-64,Other,HSG/GED,0.01034752,0.00257159,1.400048986,106,1.87E-54,5.55E-54
234,Male,45-64,Other,Some college/TS,0.011226084,0.011516985,-0.025877232,115,0.78258795,0.78875006
235,Male,45-64,Other,>=College grad,0.020792659,0.009624855,0.781591599,213,5.37E-31,1.25E-30
236,Male,64+,Hispanic,<HSG,0.004392815,0.014328829,-1.192333196,45,2.63E-17,4.74E-17
237,Male,64+,Hispanic,HSG/GED,0.002635689,0.004374146,-0.508311165,27,0.00766983,0.009261681
238,Male,64+,Hispanic,Some college/TS,0.002928544,0.003886396,-0.283938172,30,0.119200932,0.13267582
239,Male,64+,Hispanic,>=College grad,0.001366654,0.002028593,-0.395640244,14,0.136485876,0.150605104
240,Male,64+,NH White,<HSG,0.022061695,0.019851923,0.107799035,226,0.108851908,0.122219686
241,Male,64+,NH White,HSG/GED,0.038852011,0.036931685,0.052685949,398,0.302737826,0.320251584
242,Male,64+,NH White,Some college/TS,0.050956658,0.050041832,0.019079595,522,0.671075522,0.687181335
243,Male,64+,NH White,>=College grad,0.04304959,0.059628623,-0.343259691,441,1.38E-12,2.32E-12
244,Male,64+,NH Black,<HSG,0.009468957,0.004285226,0.79806516,97,9.59E-16,1.66E-15
245,Male,64+,NH Black,HSG/GED,0.010445139,0.005543628,0.638428437,107,2.36E-11,3.83E-11
246,Male,64+,NH Black,Some college/TS,0.009176103,0.006308001,0.377674235,94,0.000245845,0.000321104
247,Male,64+,NH Black,>=College grad,0.005368996,0.003253824,0.502934529,55,0.000170482,0.000229702
248,Male,64+,Other,<HSG,0.002538071,0.00466903,-0.611685739,26,0.001557089,0.00197334
249,Male,64+,Other,HSG/GED,0.004392815,0.006869992,-0.449683882,45,0.002402462,0.002956877
250,Male,64+,Other,Some college/TS,0.005076142,0.00448048,0.125419875,52,0.366680586,0.384714058
251,Male,64+,Other,>=College grad,0.008199922,0.007128199,0.141145977,84,0.19726629,0.212185589
252,Female,18-44,Hispanic,<HSG,0,0.0117567,#NAME?,0,#NAME?,#NAME?
253,Female,18-44,Hispanic,HSG/GED,0,0.001812765,#NAME?,0,#NAME?,#NAME?
254,Female,18-44,Hispanic,Some college/TS,0,0.008366568,#NAME?,0,#NAME?,#NAME?
255,Female,18-44,Hispanic,>=College grad,0,0,-9999999,0,-9999999,-47407402.67
256,Female,18-44,NH White,<HSG,0,0.007793327,#NAME?,0,#NAME?,#NAME?
257,Female,18-44,NH White,HSG/GED,0,0.003024897,#NAME?,0,#NAME?,#NAME?
258,Female,18-44,NH White,Some college/TS,0,0.015194489,#NAME?,0,#NAME?,#NAME?
259,Female,18-44,NH White,>=College grad,0,0.006172502,#NAME?,0,#NAME?,#NAME?
260,Female,18-44,NH Black,<HSG,0,0.001223844,#NAME?,0,#NAME?,#NAME?
261,Female,18-44,NH Black,HSG/GED,0,0.003672456,#NAME?,0,#NAME?,#NAME?
262,Female,18-44,NH Black,Some college/TS,0,0.01014046,#NAME?,0,#NAME?,#NAME?
263,Female,18-44,NH Black,>=College grad,0,0.006041164,#NAME?,0,#NAME?,#NAME?
264,Female,18-44,Other,<HSG,0,0,-9999999,0,-9999999,-49230764.31
265,Female,18-44,Other,HSG/GED,0,0.00153333,#NAME?,0,#NAME?,#NAME?
266,Female,18-44,Other,Some college/TS,0,0.002613739,#NAME?,0,#NAME?,#NAME?
267,Female,18-44,Other,>=College grad,0,0.002618362,#NAME?,0,#NAME?,#NAME?
268,Female,45-64,Hispanic,<HSG,0.011226084,0.019760999,-0.574139598,115,5.41E-10,8.44E-10
269,Female,45-64,Hispanic,HSG/GED,0.005661851,0.009684456,-0.540824983,58,3.22E-05,4.48E-05
270,Female,45-64,Hispanic,Some college/TS,0.005271378,0.010606249,-0.704529078,54,1.36E-07,2.04E-07
271,Female,45-64,Hispanic,>=College grad,0.002245217,0.003050941,-0.307455976,23,0.139231519,0.152321662
272,Female,45-64,NH White,<HSG,0.011226084,0.007954022,0.347865949,115,0.000192867,0.000254505
273,Female,45-64,NH White,HSG/GED,0.038754393,0.016611853,0.869901572,397,7.83E-69,2.44E-68
274,Female,45-64,NH White,Some college/TS,0.057692308,0.043852301,0.288877189,591,7.87E-12,1.29E-11
275,Female,45-64,NH White,>=College grad,0.03270207,0.028869094,0.128621495,335,0.02050682,0.024081403
276,Female,45-64,NH Black,<HSG,0.014935572,0.007908137,0.642962197,153,9.74E-16,1.66E-15
277,Female,45-64,NH Black,HSG/GED,0.01971886,0.004920187,1.40321253,202,1.17E-101,4.05E-101
278,Female,45-64,NH Black,Some college/TS,0.022452167,0.013092888,0.548846675,230,7.86E-17,1.40E-16
279,Female,45-64,NH Black,>=College grad,0.010835611,0.008392227,0.257999245,111,0.006709517,0.008179221
280,Female,45-64,Other,<HSG,0.006345178,0.001127488,1.732939977,65,8.53E-56,2.60E-55
281,Female,45-64,Other,HSG/GED,0.008102304,0.002709555,1.10078615,83,8.65E-26,1.81E-25
282,Female,45-64,Other,Some college/TS,0.007614213,0.004639211,0.498465761,78,9.38E-06,1.35E-05
283,Female,45-64,Other,>=College grad,0.010054666,0.007363868,0.314165913,103,0.001445398,0.00185011
284,Female,64+,Hispanic,<HSG,0.006345178,0.014021038,-0.800618691,65,3.91E-11,6.18E-11
285,Female,64+,Hispanic,HSG/GED,0.002245217,0.005975014,-0.982529528,23,9.66E-07,1.42E-06
286,Female,64+,Hispanic,Some college/TS,0.001073799,0.00187672,-0.55912654,11,0.060428506,0.068449989
287,Female,64+,Hispanic,>=College grad,0.000878563,0.002647912,-1.105011432,9,0.000492588,0.000636882
288,Female,64+,NH White,<HSG,0.007907068,0.019751214,-0.927468335,81,6.97E-18,1.29E-17
289,Female,64+,NH White,HSG/GED,0.024599766,0.034689499,-0.354098171,252,2.40E-08,3.65E-08
290,Female,64+,NH White,Some college/TS,0.023135494,0.042151957,-0.61957196,237,9.83E-22,2.03E-21
291,Female,64+,NH White,>=College grad,0.0145451,0.008947013,0.491598997,149,1.78E-09,2.74E-09
292,Female,64+,NH Black,<HSG,0.007321359,0.011687467,-0.472129119,75,3.93E-05,5.41E-05
293,Female,64+,NH Black,HSG/GED,0.009761812,0.001979009,1.603710745,100,2.71E-70,8.66E-70
294,Female,64+,NH Black,Some college/TS,0.006540414,0.006910792,-0.055456728,67,0.65090596,0.671902927
295,Female,64+,NH Black,>=College grad,0.003514252,0.002857498,0.207539219,36,0.213029788,0.227231773
296,Female,64+,Other,<HSG,0.00312378,0.007617259,-0.895890631,32,1.69E-07,2.51E-07
297,Female,64+,Other,HSG/GED,0.004490433,0,-8888888,46,-8888888,-39233712.55
298,Female,64+,Other,Some college/TS,0.002538071,0.008636911,-1.230773729,26,2.54E-11,4.07E-11
299,Female,64+,Other,>=College grad,0.002635689,0.002902613,-0.096734301,27,0.615541565,0.640563579
